Unnamed: 0,Age,Sex,Job,Housing,Saving accounts,Checking account,Credit amount,Duration,Purpose
2.0000,49.0000,male,1.0000,own,little,nan,2096.0000,12.0000,education
4.0000,53.0000,male,2.0000,free,little,little,4870.0000,24.0000,car
6.0000,53.0000,male,2.0000,own,quite rich,nan,2835.0000,24.0000,furniture/equipment
10.0000,25.0000,female,2.0000,rent,little,moderate,1295.0000,12.0000,car
12.0000,22.0000,female,2.0000,own,little,moderate,1567.0000,12.0000,radio/TV
14.0000,28.0000,female,2.0000,rent,little,little,1403.0000,15.0000,car
15.0000,32.0000,female,1.0000,own,moderate,little,1282.0000,24.0000,radio/TV
16.0000,53.0000,male,2.0000,own,nan,nan,2424.0000,24.0000,radio/TV
17.0000,25.0000,male,2.0000,own,nan,little,8072.0000,30.0000,business
19.0000,31.0000,male,2.0000,own,quite rich,nan,3430.0000,24.0000,radio/TV
20.0000,48.0000,male,2.0000,own,little,nan,2134.0000,9.0000,car
21.0000,44.0000,male,2.0000,rent,quite rich,little,2647.0000,6.0000,radio/TV
22.0000,48.0000,male,1.0000,rent,little,little,2241.0000,10.0000,car
23.0000,44.0000,male,2.0000,own,moderate,moderate,1804.0000,12.0000,car
24.0000,26.0000,male,2.0000,own,nan,nan,2069.0000,10.0000,furniture/equipment
25.0000,36.0000,male,1.0000,own,little,little,1374.0000,6.0000,furniture/equipment
26.0000,39.0000,male,1.0000,own,little,nan,426.0000,6.0000,radio/TV
27.0000,42.0000,female,2.0000,rent,rich,rich,409.0000,12.0000,radio/TV
28.0000,34.0000,male,2.0000,own,little,moderate,2415.0000,7.0000,radio/TV
30.0000,36.0000,male,2.0000,own,rich,moderate,1913.0000,18.0000,business
31.0000,27.0000,male,2.0000,own,little,little,4020.0000,24.0000,furniture/equipment
32.0000,30.0000,male,2.0000,own,moderate,moderate,5866.0000,18.0000,car
33.0000,57.0000,male,1.0000,rent,nan,nan,1264.0000,12.0000,business
34.0000,33.0000,female,3.0000,own,little,rich,1474.0000,12.0000,furniture/equipment
36.0000,31.0000,male,2.0000,free,little,nan,6110.0000,48.0000,education
37.0000,37.0000,male,2.0000,own,little,rich,2100.0000,18.0000,radio/TV
38.0000,37.0000,male,2.0000,own,little,rich,1225.0000,10.0000,domestic appliances
39.0000,24.0000,male,2.0000,own,little,moderate,458.0000,9.0000,radio/TV
40.0000,30.0000,male,3.0000,own,quite rich,nan,2333.0000,30.0000,radio/TV
41.0000,26.0000,male,2.0000,own,quite rich,moderate,1158.0000,12.0000,radio/TV
43.0000,24.0000,male,2.0000,rent,moderate,little,6187.0000,30.0000,car
45.0000,35.0000,female,3.0000,own,little,nan,1393.0000,11.0000,car
46.0000,39.0000,male,2.0000,own,quite rich,nan,2299.0000,36.0000,radio/TV
49.0000,28.0000,female,2.0000,own,moderate,nan,2073.0000,12.0000,radio/TV
50.0000,29.0000,male,1.0000,own,nan,moderate,2333.0000,24.0000,furniture/equipment
51.0000,30.0000,male,3.0000,own,little,moderate,5965.0000,27.0000,car
52.0000,25.0000,male,2.0000,own,little,nan,1262.0000,12.0000,radio/TV
53.0000,31.0000,male,2.0000,own,nan,nan,3378.0000,18.0000,car
55.0000,26.0000,male,1.0000,own,nan,nan,783.0000,6.0000,car
57.0000,31.0000,female,2.0000,own,little,nan,9566.0000,36.0000,radio/TV
58.0000,23.0000,female,3.0000,own,little,rich,1961.0000,18.0000,car
60.0000,27.0000,male,2.0000,own,little,moderate,1391.0000,9.0000,business
61.0000,50.0000,male,2.0000,own,nan,moderate,1537.0000,15.0000,radio/TV
64.0000,26.0000,female,2.0000,own,little,nan,3181.0000,24.0000,radio/TV
65.0000,48.0000,male,2.0000,own,nan,nan,5190.0000,27.0000,repairs
66.0000,29.0000,female,2.0000,own,little,nan,2171.0000,12.0000,radio/TV
67.0000,22.0000,male,2.0000,own,rich,moderate,1007.0000,12.0000,car
68.0000,37.0000,male,2.0000,free,little,nan,1819.0000,36.0000,education
69.0000,25.0000,female,2.0000,own,nan,nan,2394.0000,36.0000,radio/TV
70.0000,30.0000,female,2.0000,own,little,nan,8133.0000,36.0000,car
71.0000,46.0000,male,1.0000,rent,nan,nan,730.0000,7.0000,radio/TV
76.0000,34.0000,male,2.0000,own,little,little,3965.0000,42.0000,radio/TV
77.0000,51.0000,male,2.0000,own,little,moderate,4771.0000,11.0000,radio/TV
79.0000,22.0000,male,2.0000,own,little,moderate,3832.0000,30.0000,furniture/equipment
80.0000,44.0000,female,2.0000,own,nan,nan,5943.0000,24.0000,radio/TV
81.0000,47.0000,male,2.0000,own,quite rich,nan,1213.0000,15.0000,radio/TV
82.0000,24.0000,female,1.0000,rent,moderate,nan,1568.0000,18.0000,business
83.0000,58.0000,female,1.0000,own,little,little,1755.0000,24.0000,vacation/others
84.0000,52.0000,male,1.0000,own,little,little,2315.0000,10.0000,radio/TV
85.0000,29.0000,female,3.0000,own,little,nan,1412.0000,12.0000,business
86.0000,27.0000,female,2.0000,own,little,moderate,1295.0000,18.0000,furniture/equipment
88.0000,30.0000,male,3.0000,own,moderate,little,2249.0000,18.0000,car
89.0000,28.0000,male,2.0000,own,little,little,1108.0000,12.0000,repairs
90.0000,56.0000,male,2.0000,own,little,nan,618.0000,12.0000,radio/TV
91.0000,54.0000,male,2.0000,own,little,little,1409.0000,12.0000,car
92.0000,33.0000,female,1.0000,own,nan,nan,797.0000,12.0000,radio/TV
93.0000,20.0000,male,2.0000,rent,nan,rich,3617.0000,24.0000,furniture/equipment
94.0000,54.0000,male,2.0000,own,rich,moderate,1318.0000,12.0000,car
96.0000,61.0000,female,2.0000,own,nan,nan,2012.0000,12.0000,education
97.0000,34.0000,male,2.0000,own,moderate,moderate,2622.0000,18.0000,business
98.0000,36.0000,male,2.0000,own,little,moderate,2337.0000,36.0000,radio/TV
99.0000,36.0000,male,3.0000,rent,nan,moderate,7057.0000,20.0000,car
100.0000,41.0000,male,1.0000,rent,moderate,nan,1469.0000,24.0000,car
101.0000,24.0000,male,2.0000,rent,little,moderate,2323.0000,36.0000,radio/TV
102.0000,24.0000,female,2.0000,own,little,nan,932.0000,6.0000,radio/TV
103.0000,35.0000,male,2.0000,rent,little,moderate,1919.0000,9.0000,furniture/equipment
104.0000,26.0000,male,2.0000,rent,nan,nan,2445.0000,12.0000,car
106.0000,39.0000,male,3.0000,own,little,nan,6458.0000,18.0000,car
107.0000,32.0000,male,2.0000,own,little,moderate,6078.0000,12.0000,car
108.0000,30.0000,female,2.0000,own,nan,little,7721.0000,24.0000,furniture/equipment
109.0000,35.0000,male,2.0000,own,quite rich,moderate,1410.0000,14.0000,business
110.0000,31.0000,male,2.0000,own,moderate,moderate,1449.0000,6.0000,business
111.0000,23.0000,female,2.0000,rent,little,rich,392.0000,15.0000,education
112.0000,28.0000,male,1.0000,rent,little,moderate,6260.0000,18.0000,car
113.0000,25.0000,female,2.0000,own,little,nan,7855.0000,36.0000,car
114.0000,35.0000,male,2.0000,own,quite rich,little,1680.0000,12.0000,radio/TV
115.0000,47.0000,male,2.0000,own,nan,nan,3578.0000,48.0000,radio/TV
117.0000,27.0000,female,2.0000,rent,nan,little,2132.0000,10.0000,furniture/equipment
118.0000,23.0000,female,2.0000,own,quite rich,little,4281.0000,33.0000,furniture/equipment
119.0000,36.0000,male,3.0000,own,quite rich,moderate,2366.0000,12.0000,car
120.0000,25.0000,female,2.0000,own,little,little,1835.0000,21.0000,radio/TV
121.0000,41.0000,female,3.0000,rent,little,nan,3868.0000,24.0000,car
122.0000,24.0000,male,1.0000,rent,little,nan,1768.0000,12.0000,furniture/equipment
123.0000,63.0000,male,2.0000,free,little,rich,781.0000,10.0000,car
124.0000,27.0000,female,2.0000,rent,nan,moderate,1924.0000,18.0000,furniture/equipment
125.0000,30.0000,male,2.0000,own,little,little,2121.0000,12.0000,car
126.0000,40.0000,male,1.0000,own,little,little,701.0000,12.0000,radio/TV
127.0000,30.0000,male,2.0000,own,little,moderate,639.0000,12.0000,repairs
128.0000,34.0000,male,3.0000,own,little,moderate,1860.0000,12.0000,car
129.0000,29.0000,female,2.0000,own,little,little,3499.0000,12.0000,car
131.0000,29.0000,male,2.0000,own,little,little,6887.0000,36.0000,education
132.0000,27.0000,male,1.0000,own,little,nan,2708.0000,15.0000,furniture/equipment
133.0000,47.0000,male,2.0000,free,little,nan,1984.0000,18.0000,furniture/equipment
135.0000,38.0000,female,2.0000,own,nan,nan,1240.0000,12.0000,radio/TV
136.0000,27.0000,male,2.0000,own,rich,nan,8613.0000,27.0000,car
138.0000,35.0000,male,2.0000,own,nan,moderate,2728.0000,15.0000,radio/TV
139.0000,44.0000,female,1.0000,rent,little,rich,1881.0000,12.0000,radio/TV
141.0000,30.0000,female,3.0000,own,little,moderate,4795.0000,36.0000,radio/TV
142.0000,27.0000,male,3.0000,own,little,little,3416.0000,27.0000,radio/TV
143.0000,22.0000,male,2.0000,own,little,little,2462.0000,18.0000,furniture/equipment
144.0000,23.0000,female,2.0000,own,little,nan,2288.0000,21.0000,furniture/equipment
145.0000,30.0000,male,2.0000,own,moderate,moderate,3566.0000,48.0000,business
146.0000,39.0000,female,2.0000,own,little,little,860.0000,6.0000,car
147.0000,51.0000,female,2.0000,own,moderate,nan,682.0000,12.0000,car
148.0000,28.0000,male,2.0000,own,little,little,5371.0000,36.0000,furniture/equipment
149.0000,46.0000,male,2.0000,own,rich,nan,1582.0000,18.0000,radio/TV
150.0000,42.0000,male,2.0000,free,moderate,nan,1346.0000,6.0000,radio/TV
151.0000,38.0000,male,2.0000,own,little,nan,1924.0000,10.0000,radio/TV
152.0000,24.0000,male,2.0000,own,little,rich,5848.0000,36.0000,radio/TV
153.0000,29.0000,female,2.0000,rent,rich,moderate,7758.0000,24.0000,car
154.0000,36.0000,male,3.0000,rent,moderate,moderate,6967.0000,24.0000,business
155.0000,20.0000,female,2.0000,rent,little,little,1282.0000,12.0000,furniture/equipment
156.0000,48.0000,male,2.0000,own,moderate,little,1288.0000,9.0000,repairs
157.0000,45.0000,male,1.0000,own,little,little,339.0000,12.0000,education
158.0000,38.0000,male,2.0000,own,moderate,moderate,3512.0000,24.0000,car
159.0000,34.0000,male,1.0000,own,nan,nan,1898.0000,6.0000,radio/TV
160.0000,36.0000,male,2.0000,own,moderate,nan,2872.0000,24.0000,radio/TV
161.0000,30.0000,female,2.0000,own,little,nan,1055.0000,18.0000,car
162.0000,36.0000,male,2.0000,own,quite rich,nan,1262.0000,15.0000,domestic appliances
164.0000,36.0000,male,2.0000,own,quite rich,nan,909.0000,36.0000,car
165.0000,32.0000,male,2.0000,own,quite rich,nan,2978.0000,6.0000,furniture/equipment
166.0000,33.0000,female,2.0000,own,little,little,1131.0000,18.0000,furniture/equipment
167.0000,20.0000,female,2.0000,own,rich,moderate,1577.0000,11.0000,furniture/equipment
168.0000,25.0000,female,2.0000,rent,little,nan,3972.0000,24.0000,furniture/equipment
169.0000,31.0000,male,2.0000,own,little,moderate,1935.0000,24.0000,business
170.0000,33.0000,male,2.0000,rent,little,little,950.0000,15.0000,car
171.0000,26.0000,female,2.0000,own,little,nan,763.0000,12.0000,furniture/equipment
172.0000,34.0000,female,3.0000,own,little,moderate,2064.0000,24.0000,furniture/equipment
173.0000,33.0000,male,2.0000,own,little,moderate,1414.0000,8.0000,radio/TV
174.0000,26.0000,male,2.0000,own,little,little,3414.0000,21.0000,education
176.0000,42.0000,male,2.0000,own,little,little,2577.0000,12.0000,furniture/equipment
177.0000,52.0000,male,2.0000,own,quite rich,little,338.0000,6.0000,radio/TV
178.0000,31.0000,male,3.0000,rent,little,nan,1963.0000,12.0000,radio/TV
179.0000,65.0000,male,2.0000,own,little,little,571.0000,21.0000,car
180.0000,28.0000,male,2.0000,own,little,nan,9572.0000,36.0000,business
181.0000,30.0000,male,3.0000,own,little,moderate,4455.0000,36.0000,business
182.0000,40.0000,male,1.0000,own,nan,little,1647.0000,21.0000,car
183.0000,50.0000,male,2.0000,own,rich,nan,3777.0000,24.0000,furniture/equipment
184.0000,36.0000,male,2.0000,own,little,moderate,884.0000,18.0000,car
185.0000,31.0000,male,2.0000,own,little,nan,1360.0000,15.0000,radio/TV
188.0000,20.0000,male,2.0000,own,moderate,little,674.0000,12.0000,radio/TV
189.0000,33.0000,female,2.0000,own,little,moderate,3244.0000,18.0000,furniture/equipment
190.0000,54.0000,male,3.0000,own,rich,nan,4591.0000,24.0000,business
192.0000,36.0000,male,2.0000,own,little,moderate,3915.0000,27.0000,business
193.0000,29.0000,male,2.0000,rent,little,nan,2108.0000,6.0000,radio/TV
194.0000,21.0000,male,2.0000,rent,moderate,moderate,3031.0000,45.0000,radio/TV
195.0000,34.0000,female,3.0000,own,little,moderate,1501.0000,9.0000,education
196.0000,28.0000,female,2.0000,own,little,nan,1382.0000,6.0000,radio/TV
197.0000,27.0000,female,2.0000,rent,moderate,moderate,951.0000,12.0000,furniture/equipment
198.0000,36.0000,male,2.0000,free,nan,moderate,2760.0000,24.0000,car
199.0000,40.0000,male,3.0000,own,little,moderate,4297.0000,18.0000,furniture/equipment
200.0000,52.0000,male,2.0000,own,quite rich,nan,936.0000,9.0000,education
201.0000,27.0000,male,1.0000,own,little,little,1168.0000,12.0000,car
202.0000,26.0000,male,2.0000,own,little,nan,5117.0000,27.0000,business
203.0000,21.0000,male,2.0000,rent,little,little,902.0000,12.0000,education
204.0000,38.0000,male,1.0000,own,little,nan,1495.0000,12.0000,car
206.0000,43.0000,male,2.0000,own,little,nan,1935.0000,12.0000,furniture/equipment
207.0000,26.0000,male,2.0000,own,little,moderate,1424.0000,12.0000,domestic appliances
209.0000,55.0000,male,2.0000,own,rich,nan,1413.0000,12.0000,car
210.0000,33.0000,male,2.0000,own,nan,nan,3074.0000,9.0000,radio/TV
211.0000,45.0000,female,1.0000,own,nan,nan,3835.0000,36.0000,radio/TV
212.0000,50.0000,male,2.0000,own,little,little,5293.0000,27.0000,business
214.0000,51.0000,male,2.0000,own,nan,nan,3342.0000,36.0000,radio/TV
215.0000,39.0000,female,1.0000,own,nan,moderate,932.0000,6.0000,education
216.0000,31.0000,male,2.0000,own,little,little,3104.0000,18.0000,business
217.0000,23.0000,male,2.0000,own,little,rich,3913.0000,36.0000,radio/TV
218.0000,24.0000,male,1.0000,rent,little,little,3021.0000,24.0000,furniture/equipment
219.0000,64.0000,female,2.0000,own,little,nan,1364.0000,10.0000,car
220.0000,26.0000,male,1.0000,own,little,moderate,625.0000,12.0000,radio/TV
221.0000,23.0000,female,2.0000,rent,nan,little,1200.0000,12.0000,education
222.0000,30.0000,male,2.0000,own,little,nan,707.0000,12.0000,radio/TV
223.0000,32.0000,male,2.0000,own,nan,nan,2978.0000,24.0000,business
224.0000,30.0000,male,2.0000,own,little,nan,4657.0000,15.0000,car
225.0000,27.0000,male,2.0000,own,little,nan,2613.0000,36.0000,repairs
228.0000,22.0000,male,2.0000,own,little,nan,1478.0000,9.0000,radio/TV
229.0000,22.0000,male,2.0000,free,little,little,3149.0000,24.0000,furniture/equipment
230.0000,26.0000,male,2.0000,own,little,rich,4210.0000,36.0000,radio/TV
231.0000,51.0000,male,1.0000,free,quite rich,nan,2507.0000,9.0000,car
232.0000,35.0000,male,2.0000,own,moderate,nan,2141.0000,12.0000,radio/TV
233.0000,25.0000,male,1.0000,own,little,moderate,866.0000,18.0000,radio/TV
234.0000,42.0000,male,1.0000,own,little,nan,1544.0000,4.0000,radio/TV
235.0000,30.0000,male,3.0000,own,little,little,1823.0000,24.0000,radio/TV
237.0000,61.0000,male,1.0000,rent,moderate,moderate,2767.0000,21.0000,business
238.0000,35.0000,female,2.0000,own,little,nan,1291.0000,12.0000,radio/TV
239.0000,39.0000,male,2.0000,own,little,little,2522.0000,30.0000,radio/TV
240.0000,29.0000,female,2.0000,own,nan,little,915.0000,24.0000,car
241.0000,51.0000,male,2.0000,own,little,nan,1595.0000,6.0000,radio/TV
242.0000,24.0000,male,2.0000,free,little,little,4605.0000,48.0000,car
243.0000,27.0000,female,2.0000,own,little,nan,1185.0000,12.0000,business
244.0000,35.0000,female,1.0000,own,quite rich,nan,3447.0000,12.0000,education
245.0000,25.0000,male,2.0000,own,little,nan,1258.0000,24.0000,business
246.0000,52.0000,male,2.0000,own,little,nan,717.0000,12.0000,radio/TV
247.0000,35.0000,male,2.0000,rent,moderate,nan,1204.0000,6.0000,car
248.0000,26.0000,male,2.0000,own,little,rich,1925.0000,24.0000,furniture/equipment
249.0000,22.0000,female,2.0000,rent,little,nan,433.0000,18.0000,radio/TV
250.0000,39.0000,female,1.0000,own,rich,little,666.0000,6.0000,car
251.0000,46.0000,female,1.0000,own,little,rich,2251.0000,12.0000,furniture/equipment
252.0000,24.0000,female,2.0000,own,little,moderate,2150.0000,30.0000,car
253.0000,35.0000,male,2.0000,own,moderate,nan,4151.0000,24.0000,furniture/equipment
254.0000,24.0000,male,2.0000,own,nan,moderate,2030.0000,9.0000,furniture/equipment
256.0000,35.0000,male,1.0000,own,little,nan,2684.0000,24.0000,radio/TV
257.0000,29.0000,male,2.0000,free,little,little,2149.0000,12.0000,radio/TV
258.0000,23.0000,female,2.0000,own,moderate,nan,3812.0000,15.0000,car
259.0000,57.0000,female,1.0000,own,moderate,nan,1154.0000,11.0000,radio/TV
260.0000,27.0000,male,2.0000,own,little,little,1657.0000,12.0000,furniture/equipment
261.0000,55.0000,female,2.0000,own,little,little,1603.0000,24.0000,radio/TV
262.0000,36.0000,male,3.0000,free,little,little,5302.0000,18.0000,car
263.0000,57.0000,female,1.0000,free,little,nan,2748.0000,12.0000,education
264.0000,32.0000,male,1.0000,own,little,nan,1231.0000,10.0000,car
265.0000,37.0000,male,2.0000,own,little,moderate,802.0000,15.0000,radio/TV
266.0000,36.0000,male,2.0000,own,nan,nan,6304.0000,36.0000,business
267.0000,38.0000,female,2.0000,own,little,nan,1533.0000,24.0000,radio/TV
269.0000,25.0000,male,2.0000,own,nan,nan,999.0000,24.0000,radio/TV
270.0000,32.0000,male,2.0000,own,nan,nan,2662.0000,18.0000,car
271.0000,37.0000,female,2.0000,rent,quite rich,nan,1402.0000,12.0000,furniture/equipment
273.0000,28.0000,male,2.0000,own,little,moderate,3060.0000,48.0000,radio/TV
275.0000,32.0000,male,2.0000,own,little,nan,2697.0000,9.0000,radio/TV
276.0000,26.0000,female,2.0000,own,little,nan,2404.0000,18.0000,radio/TV
277.0000,49.0000,male,1.0000,own,nan,little,1262.0000,12.0000,furniture/equipment
278.0000,32.0000,female,2.0000,own,little,nan,4611.0000,6.0000,furniture/equipment
279.0000,29.0000,male,3.0000,rent,moderate,nan,1901.0000,24.0000,radio/TV
280.0000,23.0000,male,2.0000,rent,rich,nan,3368.0000,15.0000,car
281.0000,50.0000,male,2.0000,own,little,nan,1574.0000,12.0000,furniture/equipment
282.0000,49.0000,male,1.0000,own,nan,rich,1445.0000,18.0000,radio/TV
283.0000,63.0000,male,2.0000,own,nan,nan,1520.0000,15.0000,furniture/equipment
284.0000,37.0000,male,2.0000,own,moderate,moderate,3878.0000,24.0000,car
286.0000,26.0000,male,2.0000,own,little,little,4788.0000,48.0000,car
288.0000,49.0000,female,2.0000,own,little,moderate,1092.0000,12.0000,radio/TV
289.0000,48.0000,male,2.0000,own,little,little,1024.0000,24.0000,radio/TV
290.0000,26.0000,male,2.0000,own,little,nan,1076.0000,12.0000,business
292.0000,44.0000,female,3.0000,free,little,little,6419.0000,24.0000,car
293.0000,56.0000,male,2.0000,free,little,rich,4796.0000,42.0000,car
296.0000,20.0000,female,2.0000,rent,nan,nan,4675.0000,12.0000,car
297.0000,45.0000,male,1.0000,own,nan,nan,1287.0000,10.0000,car
298.0000,43.0000,male,2.0000,own,little,nan,2515.0000,18.0000,furniture/equipment
299.0000,32.0000,male,2.0000,own,rich,moderate,2745.0000,21.0000,furniture/equipment
301.0000,42.0000,female,2.0000,own,little,moderate,3804.0000,36.0000,radio/TV
302.0000,37.0000,male,1.0000,own,nan,rich,1344.0000,24.0000,car
303.0000,49.0000,male,2.0000,own,little,little,1038.0000,10.0000,car
305.0000,33.0000,male,2.0000,own,rich,nan,1543.0000,6.0000,furniture/equipment
306.0000,24.0000,female,1.0000,rent,nan,nan,4811.0000,30.0000,car
307.0000,33.0000,male,1.0000,own,moderate,little,727.0000,12.0000,radio/TV
308.0000,24.0000,female,2.0000,own,little,moderate,1237.0000,8.0000,furniture/equipment
309.0000,22.0000,male,1.0000,rent,little,moderate,276.0000,9.0000,car
311.0000,25.0000,male,2.0000,own,moderate,nan,5511.0000,24.0000,furniture/equipment
312.0000,26.0000,female,2.0000,own,little,rich,3749.0000,24.0000,furniture/equipment
313.0000,25.0000,male,1.0000,own,little,moderate,685.0000,12.0000,car
314.0000,29.0000,male,1.0000,own,nan,rich,1494.0000,4.0000,car
315.0000,31.0000,male,2.0000,own,little,little,2746.0000,36.0000,furniture/equipment
316.0000,38.0000,male,1.0000,own,little,little,708.0000,12.0000,furniture/equipment
317.0000,48.0000,female,1.0000,own,nan,moderate,4351.0000,24.0000,furniture/equipment
318.0000,32.0000,male,2.0000,own,little,nan,701.0000,12.0000,education
319.0000,27.0000,female,1.0000,own,little,little,3643.0000,15.0000,furniture/equipment
320.0000,28.0000,male,3.0000,own,little,moderate,4249.0000,30.0000,car
321.0000,32.0000,male,2.0000,own,little,little,1938.0000,24.0000,radio/TV
322.0000,34.0000,male,3.0000,free,little,little,2910.0000,24.0000,car
323.0000,28.0000,male,2.0000,own,rich,little,2659.0000,18.0000,furniture/equipment
324.0000,36.0000,female,2.0000,own,little,nan,1028.0000,18.0000,car
325.0000,39.0000,male,1.0000,own,little,little,3398.0000,8.0000,car
326.0000,49.0000,male,2.0000,rent,nan,nan,5801.0000,12.0000,furniture/equipment
327.0000,34.0000,female,2.0000,own,rich,nan,1525.0000,24.0000,car
328.0000,31.0000,male,2.0000,own,little,rich,4473.0000,36.0000,radio/TV
329.0000,28.0000,male,2.0000,own,little,moderate,1068.0000,6.0000,radio/TV
331.0000,30.0000,female,2.0000,own,moderate,nan,1864.0000,18.0000,education
334.0000,23.0000,male,2.0000,rent,little,little,4110.0000,24.0000,furniture/equipment
335.0000,44.0000,male,3.0000,rent,little,little,3384.0000,6.0000,furniture/equipment
336.0000,23.0000,female,1.0000,own,little,moderate,2101.0000,13.0000,radio/TV
337.0000,24.0000,female,2.0000,rent,nan,little,1275.0000,15.0000,domestic appliances
338.0000,28.0000,male,2.0000,own,little,little,4169.0000,24.0000,furniture/equipment
339.0000,31.0000,male,1.0000,own,little,moderate,1521.0000,10.0000,furniture/equipment
340.0000,24.0000,female,2.0000,free,little,moderate,5743.0000,24.0000,education
341.0000,26.0000,female,1.0000,rent,little,little,3599.0000,21.0000,furniture/equipment
342.0000,25.0000,male,2.0000,rent,quite rich,moderate,3213.0000,18.0000,radio/TV
343.0000,33.0000,male,3.0000,own,little,moderate,4439.0000,18.0000,business
344.0000,37.0000,male,1.0000,own,little,rich,3949.0000,10.0000,car
345.0000,43.0000,female,1.0000,own,little,nan,1459.0000,15.0000,radio/TV
346.0000,23.0000,male,2.0000,own,little,moderate,882.0000,13.0000,radio/TV
348.0000,34.0000,male,1.0000,own,moderate,nan,1743.0000,6.0000,business
349.0000,32.0000,male,2.0000,free,rich,moderate,1136.0000,9.0000,education
350.0000,23.0000,female,2.0000,rent,little,nan,1236.0000,9.0000,domestic appliances
351.0000,29.0000,female,2.0000,own,little,moderate,959.0000,9.0000,furniture/equipment
352.0000,38.0000,male,3.0000,own,nan,nan,3229.0000,18.0000,car
353.0000,28.0000,male,2.0000,rent,little,little,6199.0000,12.0000,radio/TV
354.0000,46.0000,male,2.0000,free,quite rich,nan,727.0000,10.0000,education
355.0000,23.0000,male,1.0000,own,little,moderate,1246.0000,24.0000,car
356.0000,49.0000,male,2.0000,own,nan,nan,2331.0000,12.0000,radio/TV
357.0000,26.0000,male,3.0000,own,little,nan,4463.0000,36.0000,radio/TV
358.0000,28.0000,male,2.0000,own,little,nan,776.0000,12.0000,radio/TV
359.0000,23.0000,female,2.0000,rent,little,little,2406.0000,30.0000,furniture/equipment
360.0000,61.0000,male,2.0000,free,nan,moderate,1239.0000,18.0000,education
361.0000,37.0000,male,3.0000,own,nan,rich,3399.0000,12.0000,radio/TV
362.0000,36.0000,female,2.0000,own,little,rich,2247.0000,12.0000,car
363.0000,21.0000,male,2.0000,rent,little,nan,1766.0000,6.0000,furniture/equipment
365.0000,36.0000,male,2.0000,own,little,nan,1542.0000,12.0000,business
366.0000,27.0000,male,2.0000,own,little,nan,3850.0000,18.0000,car
367.0000,22.0000,female,2.0000,rent,little,little,3650.0000,18.0000,furniture/equipment
368.0000,42.0000,male,2.0000,own,little,little,3446.0000,36.0000,furniture/equipment
369.0000,40.0000,female,2.0000,rent,little,moderate,3001.0000,18.0000,furniture/equipment
370.0000,36.0000,male,2.0000,own,nan,nan,3079.0000,36.0000,car
371.0000,33.0000,male,2.0000,own,little,nan,6070.0000,18.0000,radio/TV
372.0000,23.0000,female,2.0000,rent,little,nan,2146.0000,10.0000,furniture/equipment
375.0000,37.0000,female,2.0000,rent,little,little,7685.0000,48.0000,business
376.0000,34.0000,male,2.0000,own,little,nan,2320.0000,18.0000,radio/TV
377.0000,36.0000,male,2.0000,free,nan,nan,846.0000,7.0000,radio/TV
379.0000,52.0000,female,1.0000,own,moderate,nan,362.0000,6.0000,car
380.0000,39.0000,male,2.0000,own,nan,little,2212.0000,20.0000,furniture/equipment
382.0000,25.0000,female,2.0000,rent,nan,nan,1283.0000,22.0000,car
383.0000,26.0000,male,2.0000,own,little,rich,1330.0000,12.0000,car
384.0000,26.0000,male,1.0000,own,moderate,nan,4272.0000,30.0000,business
385.0000,25.0000,female,2.0000,own,little,nan,2238.0000,18.0000,radio/TV
386.0000,21.0000,female,2.0000,rent,nan,nan,1126.0000,18.0000,radio/TV
387.0000,40.0000,male,3.0000,own,little,moderate,7374.0000,18.0000,furniture/equipment
388.0000,27.0000,male,2.0000,own,quite rich,moderate,2326.0000,15.0000,business
389.0000,27.0000,female,2.0000,own,little,nan,1449.0000,9.0000,business
390.0000,30.0000,male,3.0000,own,little,nan,1820.0000,18.0000,car
391.0000,19.0000,female,1.0000,rent,rich,moderate,983.0000,12.0000,furniture/equipment
392.0000,39.0000,male,3.0000,free,little,little,3249.0000,36.0000,car
393.0000,31.0000,female,2.0000,own,little,little,1957.0000,6.0000,radio/TV
394.0000,31.0000,male,3.0000,own,little,nan,2406.0000,9.0000,furniture/equipment
396.0000,55.0000,female,3.0000,free,little,little,2578.0000,12.0000,furniture/equipment
397.0000,46.0000,male,2.0000,own,little,little,2348.0000,36.0000,furniture/equipment
398.0000,46.0000,male,2.0000,rent,little,moderate,1223.0000,12.0000,car
399.0000,43.0000,female,1.0000,own,rich,nan,1516.0000,24.0000,radio/TV
400.0000,39.0000,male,2.0000,own,little,nan,1473.0000,18.0000,radio/TV
401.0000,28.0000,male,2.0000,own,nan,moderate,1887.0000,18.0000,business
402.0000,27.0000,male,2.0000,own,little,nan,8648.0000,24.0000,business
403.0000,27.0000,male,1.0000,own,little,nan,802.0000,14.0000,car
404.0000,43.0000,male,2.0000,own,nan,moderate,2899.0000,18.0000,car
405.0000,22.0000,male,2.0000,own,little,moderate,2039.0000,24.0000,radio/TV
406.0000,43.0000,male,2.0000,own,nan,nan,2197.0000,24.0000,car
407.0000,27.0000,male,2.0000,own,little,little,1053.0000,15.0000,radio/TV
408.0000,26.0000,male,3.0000,own,quite rich,nan,3235.0000,24.0000,radio/TV
409.0000,28.0000,male,2.0000,own,quite rich,rich,939.0000,12.0000,car
410.0000,20.0000,female,2.0000,own,little,moderate,1967.0000,24.0000,radio/TV
411.0000,35.0000,male,3.0000,own,little,nan,7253.0000,33.0000,car
412.0000,42.0000,male,3.0000,own,little,nan,2292.0000,12.0000,business
413.0000,40.0000,male,1.0000,rent,quite rich,nan,1597.0000,10.0000,car
414.0000,35.0000,female,2.0000,own,nan,little,1381.0000,24.0000,car
415.0000,35.0000,male,2.0000,own,little,nan,5842.0000,36.0000,car
416.0000,33.0000,male,1.0000,own,little,little,2579.0000,12.0000,car
417.0000,23.0000,female,2.0000,rent,nan,little,8471.0000,18.0000,education
418.0000,31.0000,female,3.0000,own,quite rich,nan,2782.0000,21.0000,car
419.0000,33.0000,female,2.0000,own,nan,moderate,1042.0000,18.0000,car
420.0000,20.0000,female,2.0000,rent,rich,nan,3186.0000,15.0000,car
421.0000,30.0000,male,2.0000,own,nan,moderate,2028.0000,12.0000,car
422.0000,47.0000,male,1.0000,own,little,moderate,958.0000,12.0000,car
423.0000,34.0000,male,3.0000,own,moderate,nan,1591.0000,21.0000,furniture/equipment
424.0000,25.0000,female,2.0000,own,nan,moderate,2762.0000,12.0000,furniture/equipment
425.0000,21.0000,male,2.0000,rent,little,moderate,2779.0000,18.0000,car
426.0000,29.0000,male,2.0000,own,little,nan,2743.0000,28.0000,radio/TV
427.0000,46.0000,male,2.0000,own,rich,nan,1149.0000,18.0000,radio/TV
428.0000,20.0000,male,2.0000,own,little,nan,1313.0000,9.0000,furniture/equipment
432.0000,36.0000,male,3.0000,free,little,little,1872.0000,6.0000,furniture/equipment
433.0000,33.0000,male,2.0000,own,little,nan,2058.0000,24.0000,repairs
434.0000,25.0000,male,2.0000,own,little,little,2136.0000,9.0000,furniture/equipment
435.0000,25.0000,male,2.0000,own,nan,moderate,1484.0000,12.0000,radio/TV
436.0000,23.0000,male,1.0000,rent,quite rich,nan,660.0000,6.0000,repairs
437.0000,37.0000,female,2.0000,own,rich,nan,1287.0000,24.0000,car
440.0000,39.0000,male,3.0000,own,little,nan,1884.0000,12.0000,car
441.0000,30.0000,female,2.0000,own,little,little,1620.0000,12.0000,furniture/equipment
442.0000,29.0000,male,2.0000,own,little,moderate,2629.0000,20.0000,vacation/others
443.0000,41.0000,male,1.0000,own,little,nan,719.0000,12.0000,education
444.0000,30.0000,female,3.0000,own,little,moderate,5096.0000,48.0000,furniture/equipment
445.0000,41.0000,female,1.0000,rent,nan,nan,1244.0000,9.0000,education
446.0000,34.0000,female,2.0000,own,little,little,1842.0000,36.0000,car
447.0000,35.0000,male,2.0000,own,little,moderate,2576.0000,7.0000,radio/TV
448.0000,55.0000,female,3.0000,own,nan,rich,1424.0000,12.0000,furniture/equipment
449.0000,61.0000,male,2.0000,own,rich,moderate,1512.0000,15.0000,repairs
451.0000,29.0000,female,2.0000,own,little,nan,518.0000,6.0000,radio/TV
452.0000,34.0000,male,2.0000,own,little,nan,2759.0000,12.0000,furniture/equipment
453.0000,35.0000,male,3.0000,own,little,nan,2670.0000,24.0000,car
454.0000,31.0000,male,2.0000,own,little,little,4817.0000,24.0000,car
455.0000,29.0000,female,3.0000,own,little,nan,2679.0000,24.0000,car
456.0000,36.0000,male,2.0000,rent,little,little,3905.0000,11.0000,car
457.0000,35.0000,male,2.0000,free,little,little,3386.0000,12.0000,car
458.0000,27.0000,female,2.0000,own,little,little,343.0000,6.0000,domestic appliances
459.0000,32.0000,male,2.0000,own,little,nan,4594.0000,18.0000,radio/TV
460.0000,37.0000,male,2.0000,own,little,little,3620.0000,36.0000,furniture/equipment
461.0000,36.0000,male,2.0000,own,little,little,1721.0000,15.0000,car
462.0000,34.0000,female,3.0000,rent,little,moderate,3017.0000,12.0000,furniture/equipment
463.0000,38.0000,male,2.0000,own,nan,moderate,754.0000,12.0000,education
464.0000,34.0000,male,2.0000,own,little,nan,1950.0000,18.0000,business
465.0000,63.0000,male,2.0000,own,little,little,2924.0000,24.0000,car
466.0000,29.0000,female,1.0000,rent,little,little,1659.0000,24.0000,radio/TV
467.0000,32.0000,male,2.0000,own,nan,nan,7238.0000,48.0000,radio/TV
468.0000,26.0000,female,2.0000,own,little,nan,2764.0000,33.0000,business
469.0000,35.0000,male,1.0000,own,little,nan,4679.0000,24.0000,car
470.0000,22.0000,male,2.0000,rent,moderate,moderate,3092.0000,24.0000,radio/TV
471.0000,23.0000,female,2.0000,own,little,little,448.0000,6.0000,education
472.0000,28.0000,male,1.0000,own,little,little,654.0000,9.0000,car
473.0000,36.0000,male,3.0000,own,nan,nan,1238.0000,6.0000,education
474.0000,33.0000,male,2.0000,own,little,moderate,1245.0000,18.0000,radio/TV
475.0000,26.0000,female,2.0000,rent,little,little,3114.0000,18.0000,furniture/equipment
476.0000,24.0000,male,2.0000,own,quite rich,nan,2569.0000,39.0000,car
477.0000,25.0000,male,2.0000,own,little,rich,5152.0000,24.0000,radio/TV
478.0000,39.0000,male,1.0000,own,moderate,moderate,1037.0000,12.0000,business
479.0000,44.0000,male,2.0000,own,little,little,1478.0000,15.0000,furniture/equipment
480.0000,23.0000,female,1.0000,own,little,moderate,3573.0000,12.0000,radio/TV
481.0000,26.0000,male,2.0000,own,little,moderate,1201.0000,24.0000,car
482.0000,57.0000,female,2.0000,rent,rich,little,3622.0000,30.0000,furniture/equipment
483.0000,30.0000,female,2.0000,own,rich,nan,960.0000,15.0000,furniture/equipment
484.0000,44.0000,male,2.0000,own,quite rich,nan,1163.0000,12.0000,car
485.0000,47.0000,male,3.0000,own,little,moderate,1209.0000,6.0000,car
486.0000,52.0000,male,2.0000,own,little,nan,3077.0000,12.0000,radio/TV
487.0000,62.0000,female,2.0000,free,little,nan,3757.0000,24.0000,car
488.0000,35.0000,male,1.0000,rent,moderate,nan,1418.0000,10.0000,car
489.0000,26.0000,male,2.0000,rent,little,nan,3518.0000,6.0000,car
490.0000,26.0000,male,2.0000,own,little,nan,1934.0000,12.0000,radio/TV
491.0000,42.0000,female,3.0000,free,little,moderate,8318.0000,27.0000,business
492.0000,27.0000,female,2.0000,own,moderate,nan,1237.0000,6.0000,radio/TV
493.0000,38.0000,male,2.0000,own,nan,moderate,368.0000,6.0000,radio/TV
494.0000,39.0000,male,1.0000,rent,little,little,2122.0000,12.0000,car
495.0000,20.0000,male,2.0000,own,nan,little,2996.0000,24.0000,furniture/equipment
496.0000,29.0000,male,3.0000,rent,moderate,moderate,9034.0000,36.0000,furniture/equipment
497.0000,40.0000,male,2.0000,own,little,nan,1585.0000,24.0000,furniture/equipment
498.0000,32.0000,male,1.0000,own,little,moderate,1301.0000,18.0000,radio/TV
499.0000,28.0000,male,2.0000,own,moderate,rich,1323.0000,6.0000,car
500.0000,27.0000,female,2.0000,own,little,little,3123.0000,24.0000,car
501.0000,42.0000,male,2.0000,free,little,little,5493.0000,36.0000,car
502.0000,49.0000,male,2.0000,own,moderate,rich,1126.0000,9.0000,radio/TV
503.0000,38.0000,male,2.0000,own,moderate,moderate,1216.0000,24.0000,radio/TV
504.0000,24.0000,female,2.0000,rent,little,little,1207.0000,24.0000,car
505.0000,27.0000,male,1.0000,own,nan,nan,1309.0000,10.0000,car
506.0000,36.0000,male,2.0000,own,quite rich,rich,2360.0000,15.0000,car
507.0000,34.0000,male,3.0000,own,moderate,moderate,6850.0000,15.0000,car
508.0000,28.0000,male,2.0000,own,little,nan,1413.0000,24.0000,radio/TV
510.0000,26.0000,male,2.0000,own,little,little,759.0000,12.0000,car
511.0000,32.0000,male,3.0000,free,little,nan,4686.0000,36.0000,car
512.0000,26.0000,male,2.0000,rent,little,rich,2687.0000,15.0000,business
513.0000,20.0000,male,2.0000,rent,little,moderate,585.0000,12.0000,radio/TV
514.0000,54.0000,male,2.0000,own,nan,nan,2255.0000,24.0000,car
515.0000,37.0000,female,2.0000,own,little,little,609.0000,6.0000,car
516.0000,40.0000,male,1.0000,own,little,little,1361.0000,6.0000,car
517.0000,23.0000,female,2.0000,rent,little,nan,7127.0000,36.0000,furniture/equipment
518.0000,43.0000,male,2.0000,own,moderate,little,1203.0000,6.0000,car
519.0000,36.0000,male,2.0000,free,nan,nan,700.0000,6.0000,radio/TV
520.0000,44.0000,male,2.0000,free,little,nan,5507.0000,24.0000,repairs
521.0000,24.0000,female,2.0000,own,little,little,3190.0000,18.0000,radio/TV
522.0000,53.0000,male,2.0000,free,little,little,7119.0000,48.0000,furniture/equipment
523.0000,23.0000,female,2.0000,own,moderate,nan,3488.0000,24.0000,car
524.0000,26.0000,female,1.0000,own,little,moderate,1113.0000,18.0000,radio/TV
525.0000,30.0000,male,2.0000,own,little,moderate,7966.0000,26.0000,car
526.0000,31.0000,female,2.0000,own,moderate,nan,1532.0000,15.0000,education
527.0000,42.0000,male,1.0000,own,little,nan,1503.0000,4.0000,radio/TV
528.0000,31.0000,male,2.0000,rent,little,little,2302.0000,36.0000,radio/TV
529.0000,41.0000,male,1.0000,own,little,little,662.0000,6.0000,car
530.0000,32.0000,male,2.0000,own,little,moderate,2273.0000,36.0000,education
531.0000,28.0000,female,2.0000,rent,moderate,moderate,2631.0000,15.0000,car
532.0000,41.0000,male,2.0000,rent,little,nan,1503.0000,12.0000,car
533.0000,26.0000,male,2.0000,own,moderate,nan,1311.0000,24.0000,radio/TV
534.0000,25.0000,male,2.0000,own,nan,nan,3105.0000,24.0000,radio/TV
535.0000,33.0000,male,2.0000,rent,little,rich,2319.0000,21.0000,education
537.0000,37.0000,female,2.0000,own,little,moderate,3612.0000,18.0000,furniture/equipment
539.0000,45.0000,female,1.0000,own,little,rich,3049.0000,18.0000,furniture/equipment
540.0000,23.0000,male,2.0000,rent,little,moderate,1534.0000,12.0000,radio/TV
541.0000,60.0000,male,2.0000,free,little,nan,2032.0000,24.0000,car
542.0000,31.0000,male,2.0000,own,nan,little,6350.0000,30.0000,furniture/equipment
543.0000,34.0000,male,1.0000,own,little,rich,2864.0000,18.0000,furniture/equipment
544.0000,61.0000,male,1.0000,own,little,nan,1255.0000,12.0000,car
545.0000,43.0000,male,2.0000,free,little,little,1333.0000,24.0000,car
546.0000,37.0000,female,2.0000,own,little,nan,2022.0000,24.0000,car
547.0000,32.0000,male,2.0000,own,little,nan,1552.0000,24.0000,radio/TV
548.0000,24.0000,female,1.0000,own,little,little,626.0000,12.0000,radio/TV
549.0000,35.0000,male,2.0000,free,nan,nan,8858.0000,48.0000,car
550.0000,23.0000,female,2.0000,own,nan,nan,996.0000,12.0000,repairs
551.0000,45.0000,male,1.0000,own,quite rich,nan,1750.0000,6.0000,radio/TV
552.0000,34.0000,male,2.0000,own,little,little,6999.0000,48.0000,radio/TV
553.0000,27.0000,male,2.0000,own,moderate,moderate,1995.0000,12.0000,car
555.0000,22.0000,male,2.0000,own,little,moderate,1331.0000,12.0000,radio/TV
556.0000,28.0000,female,2.0000,own,moderate,moderate,2278.0000,18.0000,car
557.0000,29.0000,female,2.0000,own,nan,nan,5003.0000,21.0000,car
558.0000,27.0000,male,2.0000,own,little,little,3552.0000,24.0000,furniture/equipment
559.0000,31.0000,male,1.0000,own,little,moderate,1928.0000,18.0000,furniture/equipment
560.0000,49.0000,male,2.0000,free,nan,little,2964.0000,24.0000,car
561.0000,24.0000,male,1.0000,rent,little,little,1546.0000,24.0000,radio/TV
562.0000,29.0000,female,2.0000,own,little,rich,683.0000,6.0000,radio/TV
564.0000,37.0000,male,3.0000,own,nan,moderate,4712.0000,24.0000,business
565.0000,23.0000,female,2.0000,rent,moderate,moderate,1553.0000,24.0000,radio/TV
566.0000,36.0000,male,2.0000,own,little,little,1372.0000,12.0000,car
567.0000,34.0000,male,2.0000,own,rich,nan,2578.0000,24.0000,radio/TV
568.0000,41.0000,male,2.0000,own,nan,moderate,3979.0000,48.0000,radio/TV
569.0000,31.0000,female,2.0000,own,little,little,6758.0000,48.0000,radio/TV
570.0000,23.0000,female,1.0000,rent,little,little,3234.0000,24.0000,furniture/equipment
571.0000,38.0000,male,2.0000,own,little,nan,5954.0000,30.0000,radio/TV
572.0000,26.0000,female,3.0000,rent,nan,nan,5433.0000,24.0000,car
573.0000,22.0000,female,1.0000,own,little,little,806.0000,15.0000,business
574.0000,27.0000,male,1.0000,own,little,moderate,1082.0000,9.0000,radio/TV
575.0000,24.0000,female,2.0000,own,little,nan,2788.0000,15.0000,furniture/equipment
576.0000,27.0000,female,2.0000,own,little,moderate,2930.0000,12.0000,radio/TV
577.0000,33.0000,female,2.0000,own,nan,nan,1927.0000,24.0000,education
578.0000,27.0000,male,2.0000,own,little,moderate,2820.0000,36.0000,car
579.0000,27.0000,male,1.0000,own,little,nan,937.0000,24.0000,education
580.0000,30.0000,male,2.0000,own,little,moderate,1056.0000,18.0000,car
581.0000,49.0000,male,1.0000,own,little,moderate,3124.0000,12.0000,car
582.0000,26.0000,female,2.0000,rent,little,nan,1388.0000,9.0000,furniture/equipment
583.0000,33.0000,male,1.0000,rent,little,moderate,2384.0000,36.0000,repairs
584.0000,52.0000,female,3.0000,free,nan,nan,2133.0000,12.0000,car
585.0000,20.0000,female,2.0000,rent,little,little,2039.0000,18.0000,furniture/equipment
586.0000,36.0000,male,2.0000,rent,little,little,2799.0000,9.0000,car
587.0000,21.0000,male,1.0000,own,little,little,1289.0000,12.0000,furniture/equipment
588.0000,47.0000,male,1.0000,own,little,little,1217.0000,18.0000,domestic appliances
589.0000,60.0000,male,2.0000,own,little,little,2246.0000,12.0000,furniture/equipment
590.0000,58.0000,female,1.0000,own,little,little,385.0000,12.0000,radio/TV
591.0000,42.0000,female,2.0000,rent,nan,moderate,1965.0000,24.0000,car
592.0000,36.0000,female,1.0000,own,rich,nan,1572.0000,21.0000,business
593.0000,20.0000,female,1.0000,rent,little,moderate,2718.0000,24.0000,car
594.0000,40.0000,male,3.0000,own,nan,little,1358.0000,24.0000,vacation/others
595.0000,32.0000,female,1.0000,own,moderate,moderate,931.0000,6.0000,car
596.0000,23.0000,female,2.0000,rent,little,little,1442.0000,24.0000,car
597.0000,36.0000,male,1.0000,own,little,moderate,4241.0000,24.0000,business
598.0000,31.0000,male,2.0000,own,little,nan,2775.0000,18.0000,car
599.0000,32.0000,male,2.0000,free,little,nan,3863.0000,24.0000,business
600.0000,45.0000,female,2.0000,own,little,moderate,2329.0000,7.0000,radio/TV
601.0000,30.0000,female,2.0000,own,little,moderate,918.0000,9.0000,furniture/equipment
602.0000,34.0000,female,1.0000,free,little,moderate,1837.0000,24.0000,education
603.0000,28.0000,female,3.0000,own,little,nan,3349.0000,36.0000,furniture/equipment
604.0000,23.0000,female,2.0000,own,little,rich,1275.0000,10.0000,furniture/equipment
605.0000,22.0000,male,2.0000,own,quite rich,little,2828.0000,24.0000,furniture/equipment
607.0000,50.0000,female,2.0000,free,moderate,moderate,2671.0000,36.0000,radio/TV
608.0000,33.0000,male,2.0000,own,little,nan,2051.0000,18.0000,radio/TV
609.0000,45.0000,male,2.0000,free,nan,nan,1300.0000,15.0000,car
610.0000,22.0000,female,2.0000,own,moderate,little,741.0000,12.0000,domestic appliances
611.0000,48.0000,female,1.0000,free,moderate,rich,1240.0000,10.0000,car
612.0000,29.0000,female,2.0000,own,rich,little,3357.0000,21.0000,radio/TV
613.0000,22.0000,female,2.0000,rent,little,little,3632.0000,24.0000,car
614.0000,22.0000,female,2.0000,own,little,nan,1808.0000,18.0000,furniture/equipment
617.0000,37.0000,male,2.0000,rent,little,little,3676.0000,6.0000,car
618.0000,21.0000,female,2.0000,rent,moderate,moderate,3441.0000,30.0000,furniture/equipment
619.0000,49.0000,male,1.0000,own,little,nan,640.0000,12.0000,car
620.0000,27.0000,male,2.0000,own,little,moderate,3652.0000,21.0000,business
621.0000,32.0000,male,2.0000,own,little,nan,1530.0000,18.0000,car
622.0000,38.0000,male,2.0000,own,nan,nan,3914.0000,48.0000,business
623.0000,22.0000,female,2.0000,rent,little,little,1858.0000,12.0000,furniture/equipment
624.0000,65.0000,male,2.0000,free,little,little,2600.0000,18.0000,radio/TV
625.0000,35.0000,male,2.0000,own,nan,nan,1979.0000,15.0000,radio/TV
626.0000,41.0000,male,2.0000,own,little,rich,2116.0000,6.0000,furniture/equipment
627.0000,29.0000,male,2.0000,own,moderate,moderate,1437.0000,9.0000,car
628.0000,36.0000,male,2.0000,own,quite rich,nan,4042.0000,42.0000,furniture/equipment
630.0000,28.0000,female,2.0000,own,little,little,3660.0000,24.0000,radio/TV
631.0000,44.0000,male,2.0000,own,little,little,1553.0000,18.0000,furniture/equipment
632.0000,23.0000,male,2.0000,own,nan,moderate,1444.0000,15.0000,radio/TV
633.0000,19.0000,female,2.0000,rent,little,nan,1980.0000,9.0000,furniture/equipment
634.0000,25.0000,female,1.0000,own,little,moderate,1355.0000,24.0000,car
635.0000,47.0000,male,2.0000,own,little,nan,1393.0000,12.0000,education
636.0000,28.0000,female,2.0000,own,quite rich,nan,1376.0000,24.0000,radio/TV
638.0000,34.0000,female,2.0000,own,little,nan,1493.0000,12.0000,radio/TV
639.0000,26.0000,male,2.0000,own,little,little,4370.0000,42.0000,radio/TV
641.0000,38.0000,male,1.0000,own,little,moderate,1308.0000,15.0000,repairs
642.0000,40.0000,male,3.0000,own,moderate,nan,4623.0000,15.0000,education
643.0000,33.0000,male,2.0000,own,little,nan,1851.0000,24.0000,radio/TV
644.0000,32.0000,male,3.0000,own,little,little,1880.0000,18.0000,radio/TV
645.0000,27.0000,male,2.0000,rent,nan,nan,7980.0000,36.0000,business
646.0000,32.0000,male,2.0000,own,little,little,4583.0000,30.0000,furniture/equipment
647.0000,26.0000,female,2.0000,own,quite rich,nan,1386.0000,12.0000,car
648.0000,38.0000,male,2.0000,free,little,rich,947.0000,24.0000,car
649.0000,40.0000,male,1.0000,rent,little,little,684.0000,12.0000,education
651.0000,37.0000,male,1.0000,own,little,moderate,1922.0000,12.0000,furniture/equipment
652.0000,45.0000,male,2.0000,own,little,little,2303.0000,24.0000,car
654.0000,35.0000,male,2.0000,own,little,nan,2346.0000,24.0000,car
655.0000,22.0000,male,2.0000,free,little,little,3973.0000,14.0000,car
656.0000,41.0000,male,1.0000,own,little,moderate,888.0000,12.0000,car
657.0000,37.0000,male,2.0000,own,nan,nan,10222.0000,48.0000,radio/TV
658.0000,28.0000,female,2.0000,own,little,moderate,4221.0000,30.0000,business
659.0000,41.0000,male,2.0000,own,little,moderate,6361.0000,18.0000,furniture/equipment
660.0000,23.0000,male,2.0000,rent,little,rich,1297.0000,12.0000,radio/TV
661.0000,23.0000,male,2.0000,own,nan,little,900.0000,12.0000,car
662.0000,50.0000,male,2.0000,own,little,nan,2241.0000,21.0000,furniture/equipment
663.0000,35.0000,male,3.0000,own,little,moderate,1050.0000,6.0000,furniture/equipment
664.0000,50.0000,female,1.0000,own,little,rich,1047.0000,6.0000,education
665.0000,27.0000,male,3.0000,own,little,nan,6314.0000,24.0000,vacation/others
666.0000,34.0000,male,2.0000,own,rich,moderate,3496.0000,30.0000,furniture/equipment
667.0000,27.0000,female,2.0000,own,little,nan,3609.0000,48.0000,business
668.0000,43.0000,male,2.0000,rent,little,little,4843.0000,12.0000,car
669.0000,47.0000,male,2.0000,own,little,rich,3017.0000,30.0000,radio/TV
670.0000,27.0000,male,1.0000,own,moderate,nan,4139.0000,24.0000,business
671.0000,31.0000,male,2.0000,own,moderate,nan,5742.0000,36.0000,business
673.0000,24.0000,male,2.0000,own,quite rich,nan,2080.0000,6.0000,car
674.0000,41.0000,male,1.0000,own,quite rich,nan,2580.0000,21.0000,business
675.0000,26.0000,female,3.0000,rent,little,nan,4530.0000,30.0000,radio/TV
676.0000,33.0000,male,2.0000,own,little,nan,5150.0000,24.0000,furniture/equipment
679.0000,26.0000,female,2.0000,own,little,nan,1453.0000,18.0000,radio/TV
680.0000,56.0000,female,2.0000,own,little,nan,1538.0000,6.0000,education
681.0000,37.0000,male,2.0000,free,nan,nan,2279.0000,12.0000,radio/TV
682.0000,33.0000,male,2.0000,own,little,nan,1478.0000,15.0000,radio/TV
683.0000,47.0000,male,2.0000,free,little,nan,5103.0000,24.0000,radio/TV
686.0000,27.0000,male,2.0000,own,nan,rich,1347.0000,10.0000,radio/TV
687.0000,30.0000,male,2.0000,free,moderate,moderate,2862.0000,36.0000,car
688.0000,35.0000,male,2.0000,own,moderate,nan,2753.0000,9.0000,radio/TV
689.0000,31.0000,male,2.0000,own,rich,little,3651.0000,12.0000,car
690.0000,25.0000,male,2.0000,own,little,little,975.0000,15.0000,furniture/equipment
691.0000,25.0000,female,1.0000,own,moderate,moderate,2631.0000,15.0000,repairs
692.0000,29.0000,male,2.0000,own,moderate,moderate,2896.0000,24.0000,radio/TV
693.0000,44.0000,male,1.0000,own,nan,little,4716.0000,6.0000,car
694.0000,28.0000,male,2.0000,own,little,nan,2284.0000,24.0000,radio/TV
695.0000,50.0000,male,2.0000,rent,quite rich,nan,1236.0000,6.0000,car
696.0000,29.0000,male,2.0000,own,little,moderate,1103.0000,12.0000,radio/TV
697.0000,38.0000,female,0.0000,own,little,nan,926.0000,12.0000,car
698.0000,24.0000,male,2.0000,own,little,nan,1800.0000,18.0000,radio/TV
699.0000,40.0000,male,3.0000,rent,little,rich,1905.0000,15.0000,education
700.0000,29.0000,female,1.0000,rent,quite rich,nan,1123.0000,12.0000,furniture/equipment
701.0000,46.0000,male,2.0000,free,little,little,6331.0000,48.0000,car
702.0000,47.0000,female,2.0000,free,moderate,rich,1377.0000,24.0000,radio/TV
703.0000,41.0000,male,2.0000,own,moderate,moderate,2503.0000,30.0000,business
704.0000,32.0000,female,2.0000,own,little,moderate,2528.0000,27.0000,business
705.0000,35.0000,female,2.0000,free,quite rich,nan,5324.0000,15.0000,car
706.0000,24.0000,male,2.0000,own,moderate,moderate,6560.0000,48.0000,car
707.0000,25.0000,female,2.0000,rent,little,moderate,2969.0000,12.0000,furniture/equipment
708.0000,25.0000,female,2.0000,own,little,moderate,1206.0000,9.0000,radio/TV
709.0000,37.0000,male,1.0000,own,little,moderate,2118.0000,9.0000,radio/TV
710.0000,32.0000,male,3.0000,own,quite rich,nan,629.0000,18.0000,radio/TV
711.0000,35.0000,female,2.0000,free,little,little,1198.0000,6.0000,education
712.0000,46.0000,male,3.0000,own,nan,nan,2476.0000,21.0000,car
713.0000,25.0000,male,1.0000,own,little,little,1138.0000,9.0000,radio/TV
716.0000,40.0000,male,2.0000,own,nan,nan,3077.0000,30.0000,radio/TV
717.0000,32.0000,male,3.0000,free,little,nan,1505.0000,18.0000,radio/TV
718.0000,31.0000,male,2.0000,own,nan,rich,3148.0000,24.0000,radio/TV
719.0000,31.0000,male,2.0000,own,moderate,moderate,6148.0000,20.0000,car
720.0000,34.0000,male,3.0000,own,little,rich,1337.0000,9.0000,radio/TV
721.0000,24.0000,female,2.0000,rent,rich,moderate,433.0000,6.0000,education
722.0000,24.0000,female,1.0000,own,little,little,1228.0000,12.0000,car
724.0000,21.0000,female,2.0000,rent,little,nan,2570.0000,27.0000,car
725.0000,41.0000,female,1.0000,own,rich,nan,250.0000,6.0000,car
726.0000,47.0000,male,1.0000,own,quite rich,nan,1316.0000,15.0000,radio/TV
727.0000,25.0000,female,2.0000,rent,little,little,1882.0000,18.0000,radio/TV
729.0000,36.0000,male,2.0000,own,rich,rich,1275.0000,24.0000,business
730.0000,33.0000,male,2.0000,own,little,moderate,6403.0000,24.0000,radio/TV
731.0000,21.0000,male,1.0000,rent,little,little,1987.0000,24.0000,radio/TV
732.0000,44.0000,female,1.0000,own,little,moderate,760.0000,8.0000,radio/TV
733.0000,28.0000,female,2.0000,rent,rich,nan,2603.0000,24.0000,car
734.0000,37.0000,female,2.0000,own,little,nan,3380.0000,4.0000,car
737.0000,35.0000,male,1.0000,own,moderate,little,4380.0000,18.0000,car
739.0000,26.0000,female,1.0000,rent,moderate,moderate,4280.0000,30.0000,business
740.0000,32.0000,male,2.0000,own,moderate,little,2325.0000,24.0000,car
741.0000,23.0000,male,1.0000,own,little,moderate,1048.0000,10.0000,radio/TV
742.0000,41.0000,male,2.0000,own,nan,nan,3160.0000,21.0000,radio/TV
743.0000,22.0000,male,2.0000,own,quite rich,little,2483.0000,24.0000,furniture/equipment
745.0000,28.0000,male,1.0000,own,little,little,1797.0000,13.0000,business
746.0000,23.0000,female,2.0000,rent,little,little,2511.0000,15.0000,car
747.0000,37.0000,female,1.0000,own,little,little,1274.0000,12.0000,car
748.0000,26.0000,male,2.0000,own,nan,nan,5248.0000,21.0000,car
749.0000,33.0000,male,2.0000,own,little,nan,3029.0000,15.0000,car
750.0000,49.0000,female,2.0000,own,little,little,428.0000,6.0000,furniture/equipment
751.0000,23.0000,female,1.0000,own,little,little,976.0000,18.0000,car
752.0000,23.0000,female,1.0000,rent,moderate,moderate,841.0000,12.0000,business
753.0000,25.0000,female,2.0000,own,little,nan,5771.0000,30.0000,radio/TV
754.0000,55.0000,male,2.0000,free,rich,nan,1555.0000,12.0000,repairs
755.0000,32.0000,female,2.0000,rent,nan,little,1285.0000,24.0000,car
757.0000,39.0000,male,2.0000,free,nan,rich,1271.0000,15.0000,radio/TV
758.0000,31.0000,male,2.0000,own,little,nan,1393.0000,24.0000,car
759.0000,35.0000,male,2.0000,own,little,little,691.0000,12.0000,car
760.0000,59.0000,female,2.0000,own,nan,nan,5045.0000,15.0000,car
761.0000,24.0000,female,2.0000,rent,little,little,2124.0000,18.0000,furniture/equipment
762.0000,24.0000,male,1.0000,own,little,little,2214.0000,12.0000,radio/TV
764.0000,27.0000,male,2.0000,own,moderate,nan,2463.0000,24.0000,car
765.0000,40.0000,male,1.0000,own,little,moderate,1155.0000,12.0000,radio/TV
766.0000,31.0000,male,1.0000,own,little,little,3108.0000,30.0000,furniture/equipment
767.0000,31.0000,female,2.0000,rent,nan,nan,2901.0000,10.0000,car
768.0000,28.0000,male,2.0000,rent,little,moderate,3617.0000,12.0000,furniture/equipment
769.0000,63.0000,male,1.0000,own,little,nan,1655.0000,12.0000,radio/TV
770.0000,26.0000,female,2.0000,rent,nan,little,2812.0000,24.0000,car
772.0000,36.0000,male,3.0000,own,little,nan,3275.0000,21.0000,car
773.0000,52.0000,male,2.0000,own,moderate,nan,2223.0000,24.0000,radio/TV
775.0000,25.0000,female,2.0000,rent,nan,little,1371.0000,24.0000,car
776.0000,37.0000,male,2.0000,own,little,nan,3535.0000,36.0000,car
777.0000,25.0000,female,2.0000,own,little,little,3509.0000,18.0000,radio/TV
778.0000,38.0000,male,3.0000,own,rich,nan,5711.0000,36.0000,car
779.0000,67.0000,female,2.0000,own,little,moderate,3872.0000,18.0000,repairs
780.0000,25.0000,male,2.0000,own,little,moderate,4933.0000,39.0000,radio/TV
781.0000,60.0000,male,2.0000,own,rich,nan,1940.0000,24.0000,car
782.0000,31.0000,male,1.0000,own,little,moderate,1410.0000,12.0000,education
783.0000,23.0000,female,1.0000,own,moderate,moderate,836.0000,12.0000,car
785.0000,35.0000,male,1.0000,own,rich,moderate,1941.0000,18.0000,business
786.0000,40.0000,male,2.0000,own,quite rich,nan,2675.0000,22.0000,radio/TV
787.0000,38.0000,male,2.0000,own,nan,nan,2751.0000,48.0000,car
788.0000,50.0000,male,2.0000,free,little,moderate,6224.0000,48.0000,education
789.0000,27.0000,male,2.0000,own,little,little,5998.0000,40.0000,education
790.0000,39.0000,female,2.0000,own,little,moderate,1188.0000,21.0000,business
791.0000,41.0000,male,3.0000,own,nan,nan,6313.0000,24.0000,car
792.0000,27.0000,male,2.0000,own,nan,nan,1221.0000,6.0000,furniture/equipment
793.0000,51.0000,male,2.0000,free,little,rich,2892.0000,24.0000,furniture/equipment
794.0000,32.0000,male,2.0000,rent,quite rich,nan,3062.0000,24.0000,furniture/equipment
795.0000,22.0000,female,2.0000,rent,moderate,nan,2301.0000,9.0000,furniture/equipment
796.0000,51.0000,male,2.0000,free,nan,little,7511.0000,18.0000,car
797.0000,22.0000,female,1.0000,rent,little,nan,1258.0000,12.0000,furniture/equipment
798.0000,54.0000,male,2.0000,own,nan,nan,717.0000,24.0000,car
799.0000,35.0000,male,0.0000,own,nan,moderate,1549.0000,9.0000,car
800.0000,54.0000,male,2.0000,free,little,nan,1597.0000,24.0000,education
801.0000,48.0000,female,1.0000,rent,little,moderate,1795.0000,18.0000,radio/TV
802.0000,24.0000,female,2.0000,own,little,little,4272.0000,20.0000,furniture/equipment
803.0000,35.0000,male,2.0000,own,nan,nan,976.0000,12.0000,radio/TV
805.0000,24.0000,male,2.0000,own,little,little,9271.0000,36.0000,car
806.0000,26.0000,male,1.0000,own,little,moderate,590.0000,6.0000,radio/TV
807.0000,65.0000,male,2.0000,own,nan,nan,930.0000,12.0000,radio/TV
809.0000,26.0000,female,0.0000,rent,little,moderate,1778.0000,15.0000,car
810.0000,26.0000,male,2.0000,own,little,moderate,907.0000,8.0000,business
811.0000,28.0000,male,1.0000,own,little,moderate,484.0000,6.0000,radio/TV
812.0000,24.0000,male,2.0000,own,little,little,9629.0000,36.0000,car
814.0000,46.0000,male,2.0000,free,little,little,3931.0000,48.0000,car
815.0000,54.0000,female,2.0000,rent,little,moderate,7432.0000,36.0000,car
816.0000,62.0000,male,2.0000,own,quite rich,nan,1338.0000,6.0000,domestic appliances
817.0000,24.0000,female,2.0000,rent,little,nan,1554.0000,6.0000,radio/TV
819.0000,26.0000,male,2.0000,own,little,little,1345.0000,18.0000,radio/TV
820.0000,27.0000,male,2.0000,own,little,nan,1101.0000,12.0000,car
821.0000,24.0000,male,2.0000,own,little,rich,3016.0000,12.0000,radio/TV
822.0000,41.0000,male,2.0000,own,little,little,2712.0000,36.0000,furniture/equipment
823.0000,47.0000,male,1.0000,own,little,little,731.0000,8.0000,car
824.0000,35.0000,male,3.0000,own,little,nan,3780.0000,18.0000,furniture/equipment
825.0000,30.0000,male,2.0000,own,little,little,1602.0000,21.0000,car
826.0000,33.0000,female,2.0000,rent,little,little,3966.0000,18.0000,car
827.0000,36.0000,male,2.0000,own,little,nan,4165.0000,18.0000,business
828.0000,47.0000,male,2.0000,free,nan,little,8335.0000,36.0000,car
829.0000,38.0000,male,2.0000,free,nan,moderate,6681.0000,48.0000,business
830.0000,44.0000,male,2.0000,own,quite rich,nan,2375.0000,24.0000,business
831.0000,23.0000,female,2.0000,rent,little,little,1216.0000,18.0000,car
833.0000,42.0000,female,2.0000,own,nan,moderate,5084.0000,24.0000,radio/TV
834.0000,25.0000,female,1.0000,own,little,rich,2327.0000,15.0000,radio/TV
835.0000,48.0000,male,2.0000,own,little,little,1082.0000,12.0000,car
836.0000,21.0000,female,2.0000,own,nan,nan,886.0000,12.0000,radio/TV
837.0000,23.0000,female,1.0000,rent,little,nan,601.0000,4.0000,furniture/equipment
838.0000,63.0000,male,2.0000,own,little,little,2957.0000,24.0000,car
839.0000,46.0000,male,2.0000,own,little,nan,2611.0000,24.0000,radio/TV
840.0000,29.0000,male,2.0000,own,little,little,5179.0000,36.0000,furniture/equipment
841.0000,28.0000,male,1.0000,own,little,nan,2993.0000,21.0000,car
842.0000,23.0000,female,2.0000,own,little,nan,1943.0000,18.0000,repairs
843.0000,50.0000,male,2.0000,own,little,nan,1559.0000,24.0000,business
844.0000,47.0000,male,2.0000,own,little,nan,3422.0000,18.0000,furniture/equipment
845.0000,35.0000,male,2.0000,own,nan,moderate,3976.0000,21.0000,furniture/equipment
847.0000,28.0000,male,2.0000,own,little,nan,1249.0000,24.0000,car
848.0000,59.0000,male,2.0000,own,little,little,1364.0000,9.0000,radio/TV
849.0000,57.0000,male,1.0000,own,little,little,709.0000,12.0000,radio/TV
850.0000,33.0000,male,2.0000,rent,little,little,2235.0000,20.0000,car
851.0000,43.0000,male,2.0000,own,nan,nan,4042.0000,24.0000,car
852.0000,35.0000,male,2.0000,free,little,nan,1471.0000,15.0000,radio/TV
853.0000,32.0000,male,1.0000,free,little,little,1442.0000,18.0000,car
855.0000,33.0000,male,2.0000,own,moderate,nan,1474.0000,24.0000,car
856.0000,40.0000,female,2.0000,own,nan,nan,894.0000,10.0000,education
857.0000,28.0000,male,2.0000,free,little,nan,3343.0000,15.0000,furniture/equipment
858.0000,29.0000,female,2.0000,own,little,little,3959.0000,15.0000,car
859.0000,26.0000,male,2.0000,rent,moderate,nan,3577.0000,9.0000,car
860.0000,27.0000,male,2.0000,own,rich,nan,5804.0000,24.0000,car
861.0000,28.0000,male,2.0000,own,little,nan,2169.0000,18.0000,business
862.0000,35.0000,female,2.0000,own,little,little,2439.0000,24.0000,radio/TV
863.0000,32.0000,male,1.0000,own,rich,nan,4526.0000,27.0000,furniture/equipment
864.0000,25.0000,male,1.0000,rent,little,nan,2210.0000,10.0000,furniture/equipment
865.0000,20.0000,female,2.0000,rent,quite rich,nan,2221.0000,15.0000,furniture/equipment
866.0000,27.0000,female,2.0000,own,little,little,2389.0000,18.0000,radio/TV
867.0000,42.0000,male,2.0000,own,little,nan,3331.0000,12.0000,furniture/equipment
868.0000,37.0000,male,2.0000,own,nan,nan,7409.0000,36.0000,business
869.0000,24.0000,female,2.0000,rent,little,little,652.0000,12.0000,furniture/equipment
870.0000,40.0000,female,2.0000,own,quite rich,nan,7678.0000,36.0000,furniture/equipment
871.0000,46.0000,male,2.0000,own,little,rich,1343.0000,6.0000,car
872.0000,26.0000,male,2.0000,own,moderate,little,1382.0000,24.0000,business
873.0000,24.0000,female,2.0000,own,nan,nan,874.0000,15.0000,domestic appliances
874.0000,29.0000,male,1.0000,own,little,little,3590.0000,12.0000,furniture/equipment
875.0000,40.0000,female,2.0000,own,rich,moderate,1322.0000,11.0000,car
876.0000,36.0000,male,3.0000,free,little,little,1940.0000,18.0000,radio/TV
877.0000,28.0000,male,2.0000,own,little,nan,3595.0000,36.0000,radio/TV
878.0000,27.0000,male,3.0000,free,little,little,1422.0000,9.0000,car
879.0000,36.0000,male,2.0000,own,nan,nan,6742.0000,30.0000,radio/TV
880.0000,38.0000,male,3.0000,own,little,nan,7814.0000,24.0000,car
881.0000,48.0000,male,2.0000,free,nan,nan,9277.0000,24.0000,car
882.0000,36.0000,male,2.0000,own,nan,moderate,2181.0000,30.0000,car
884.0000,43.0000,male,2.0000,own,little,moderate,4057.0000,24.0000,furniture/equipment
885.0000,53.0000,female,2.0000,own,little,little,795.0000,12.0000,education
886.0000,34.0000,male,2.0000,own,nan,moderate,2825.0000,24.0000,business
888.0000,34.0000,male,3.0000,own,little,nan,6614.0000,36.0000,car
889.0000,40.0000,male,2.0000,rent,nan,nan,7824.0000,28.0000,car
890.0000,43.0000,male,3.0000,own,little,little,2442.0000,27.0000,business
891.0000,46.0000,male,2.0000,own,little,nan,1829.0000,15.0000,radio/TV
892.0000,38.0000,male,1.0000,own,little,little,2171.0000,12.0000,car
893.0000,34.0000,male,2.0000,own,little,moderate,5800.0000,36.0000,car
894.0000,29.0000,male,2.0000,own,nan,nan,1169.0000,18.0000,radio/TV
896.0000,28.0000,female,3.0000,rent,little,little,2606.0000,21.0000,radio/TV
897.0000,35.0000,female,2.0000,own,rich,nan,1592.0000,12.0000,furniture/equipment
898.0000,33.0000,female,1.0000,rent,nan,nan,2186.0000,15.0000,furniture/equipment
899.0000,42.0000,male,2.0000,own,little,little,4153.0000,18.0000,furniture/equipment
900.0000,43.0000,male,2.0000,rent,little,little,2625.0000,16.0000,car
901.0000,44.0000,male,2.0000,own,nan,nan,3485.0000,20.0000,car
903.0000,40.0000,male,2.0000,rent,nan,nan,1386.0000,15.0000,radio/TV
904.0000,36.0000,male,3.0000,own,little,nan,1278.0000,24.0000,radio/TV
905.0000,20.0000,male,3.0000,rent,little,little,1107.0000,12.0000,radio/TV
906.0000,24.0000,male,1.0000,own,nan,little,3763.0000,21.0000,car
907.0000,27.0000,male,2.0000,own,nan,moderate,3711.0000,36.0000,education
908.0000,46.0000,female,1.0000,own,little,nan,3594.0000,15.0000,car
909.0000,33.0000,female,1.0000,own,nan,moderate,3195.0000,9.0000,car
910.0000,34.0000,female,2.0000,own,little,nan,4454.0000,36.0000,radio/TV
911.0000,25.0000,female,1.0000,own,little,moderate,4736.0000,24.0000,furniture/equipment
912.0000,25.0000,female,2.0000,own,nan,moderate,2991.0000,30.0000,radio/TV
913.0000,28.0000,male,2.0000,own,rich,nan,2142.0000,11.0000,business
914.0000,31.0000,male,2.0000,rent,little,little,3161.0000,24.0000,business
916.0000,32.0000,male,2.0000,own,moderate,nan,2848.0000,10.0000,car
918.0000,33.0000,male,2.0000,own,moderate,little,2359.0000,24.0000,furniture/equipment
919.0000,39.0000,male,3.0000,rent,little,little,3345.0000,24.0000,furniture/equipment
920.0000,28.0000,female,2.0000,own,little,nan,1817.0000,18.0000,furniture/equipment
922.0000,22.0000,female,2.0000,rent,little,little,1366.0000,9.0000,radio/TV
923.0000,30.0000,male,2.0000,rent,little,moderate,2002.0000,12.0000,car
924.0000,55.0000,male,2.0000,own,little,little,6872.0000,24.0000,furniture/equipment
925.0000,46.0000,male,2.0000,own,little,little,697.0000,12.0000,car
926.0000,21.0000,female,2.0000,rent,little,little,1049.0000,18.0000,furniture/equipment
928.0000,58.0000,male,2.0000,own,nan,nan,1867.0000,30.0000,radio/TV
929.0000,43.0000,male,1.0000,own,little,little,1344.0000,12.0000,car
930.0000,24.0000,male,1.0000,own,little,little,1747.0000,24.0000,furniture/equipment
931.0000,22.0000,female,2.0000,own,little,moderate,1670.0000,9.0000,radio/TV
932.0000,30.0000,male,2.0000,own,little,nan,1224.0000,9.0000,car
933.0000,42.0000,male,2.0000,own,quite rich,nan,522.0000,12.0000,radio/TV
934.0000,23.0000,female,2.0000,own,little,little,1498.0000,12.0000,radio/TV
935.0000,30.0000,male,3.0000,own,moderate,moderate,1919.0000,30.0000,radio/TV
936.0000,28.0000,female,1.0000,own,little,rich,745.0000,9.0000,radio/TV
937.0000,30.0000,male,3.0000,rent,little,moderate,2063.0000,6.0000,radio/TV
940.0000,45.0000,male,3.0000,own,nan,nan,3527.0000,12.0000,car
941.0000,31.0000,male,1.0000,own,little,nan,1546.0000,10.0000,car
942.0000,31.0000,male,2.0000,own,nan,nan,929.0000,24.0000,furniture/equipment
943.0000,42.0000,male,1.0000,own,little,nan,1455.0000,4.0000,car
944.0000,46.0000,female,2.0000,rent,little,little,1845.0000,15.0000,furniture/equipment
946.0000,30.0000,male,2.0000,free,quite rich,little,3349.0000,24.0000,furniture/equipment
947.0000,38.0000,male,3.0000,own,nan,nan,2859.0000,12.0000,car
948.0000,43.0000,male,1.0000,own,little,nan,1533.0000,18.0000,furniture/equipment
949.0000,31.0000,male,2.0000,own,moderate,nan,3621.0000,24.0000,radio/TV
951.0000,24.0000,male,2.0000,own,little,little,2145.0000,36.0000,business
952.0000,28.0000,female,2.0000,rent,quite rich,moderate,4113.0000,24.0000,car
954.0000,29.0000,female,2.0000,own,little,little,1893.0000,12.0000,car
957.0000,37.0000,male,1.0000,own,little,moderate,1154.0000,9.0000,radio/TV
958.0000,45.0000,male,1.0000,own,little,little,4006.0000,28.0000,car
959.0000,30.0000,male,2.0000,free,moderate,moderate,3069.0000,24.0000,furniture/equipment
960.0000,30.0000,male,2.0000,rent,little,nan,1740.0000,6.0000,radio/TV
961.0000,47.0000,male,2.0000,own,little,moderate,2353.0000,21.0000,car
962.0000,29.0000,male,2.0000,own,nan,nan,3556.0000,15.0000,car
963.0000,35.0000,male,2.0000,own,quite rich,nan,2397.0000,24.0000,radio/TV
964.0000,22.0000,male,1.0000,own,little,moderate,454.0000,6.0000,repairs
965.0000,26.0000,female,2.0000,own,nan,moderate,1715.0000,30.0000,radio/TV
966.0000,23.0000,male,1.0000,own,quite rich,moderate,2520.0000,27.0000,radio/TV
968.0000,29.0000,male,2.0000,rent,nan,nan,7166.0000,42.0000,radio/TV
969.0000,40.0000,male,1.0000,own,little,little,3939.0000,11.0000,car
970.0000,22.0000,male,2.0000,own,moderate,moderate,1514.0000,15.0000,repairs
974.0000,33.0000,female,2.0000,own,little,nan,2831.0000,30.0000,radio/TV
977.0000,42.0000,male,2.0000,own,nan,moderate,2427.0000,18.0000,business
978.0000,47.0000,male,1.0000,own,little,nan,2538.0000,24.0000,car
979.0000,25.0000,male,2.0000,rent,moderate,moderate,1264.0000,15.0000,car
982.0000,28.0000,female,3.0000,own,moderate,rich,2923.0000,21.0000,car
983.0000,26.0000,male,2.0000,own,little,little,8229.0000,36.0000,car
984.0000,30.0000,male,1.0000,own,little,nan,2028.0000,24.0000,furniture/equipment
985.0000,25.0000,female,2.0000,rent,little,little,1433.0000,15.0000,furniture/equipment
986.0000,33.0000,male,2.0000,own,little,rich,6289.0000,42.0000,business
987.0000,64.0000,female,2.0000,own,moderate,nan,1409.0000,13.0000,radio/TV
989.0000,48.0000,male,1.0000,own,little,moderate,1743.0000,24.0000,radio/TV
990.0000,37.0000,male,1.0000,own,nan,nan,3565.0000,12.0000,education
991.0000,34.0000,male,1.0000,own,moderate,nan,1569.0000,15.0000,radio/TV
992.0000,23.0000,male,1.0000,rent,nan,little,1936.0000,18.0000,radio/TV
994.0000,50.0000,male,2.0000,own,nan,nan,2390.0000,12.0000,car
995.0000,31.0000,female,1.0000,own,little,nan,1736.0000,12.0000,furniture/equipment
997.0000,38.0000,male,2.0000,own,little,nan,804.0000,12.0000,radio/TV
999.0000,27.0000,male,2.0000,own,moderate,moderate,4576.0000,45.0000,car
